{"cameraMode":{"drawMode":0,"name":"Shaded","section":"Shading Mode"},"sceneLighting":true,"audioPlay":false,"sceneViewState":{"showFog":true,"showMaterialUpdate":false,"showSkybox":true,"showFlares":true,"showImageEffects":true,"showParticleSystems":true,"showVisualEffectGraphs":true,"m_FxEnabled":true},"in2DMode":false,"pivot":{"x":-0.004639625549316406,"y":-0.14992311596870423,"z":-2.9525325298309328},"rotation":{"x":-0.02376747876405716,"y":0.7001131772994995,"z":-0.023328805342316629,"w":-0.7132596969604492},"size":12.386266708374024,"orthographic":false}